<?xml version="1.0" encoding="UTF-8"?>
<project-private xmlns="http://www.netbeans.org/ns/project-private/1">
    <editor-bookmarks xmlns="http://www.netbeans.org/ns/editor-bookmarks/2" lastBookmarkId="0"/>
    <open-files xmlns="http://www.netbeans.org/ns/projectui-open-files/2">
        <group>
            <file>file:/C:/Users/aluno.saolucas/Documents/SkillsSystem/CrudProjeto/src/View/NewJFrame.java</file>
            <file>file:/C:/Users/aluno.saolucas/Documents/SkillsSystem/CrudProjeto/src/DAO/ReservaDAO.java</file>
            <file>file:/C:/Users/aluno.saolucas/Documents/SkillsSystem/CrudProjeto/src/DTO/usuario.java</file>
            <file>file:/C:/Users/aluno.saolucas/Documents/SkillsSystem/CrudProjeto/src/DAO/Conexao.java</file>
            <file>file:/C:/Users/aluno.saolucas/Documents/SkillsSystem/CrudProjeto/src/DTO/reserva.java</file>
            <file>file:/C:/Users/aluno.saolucas/Documents/SkillsSystem/CrudProjeto/src/DAO/UsuarioDAO.java</file>
            <file>file:/C:/Users/aluno.saolucas/Documents/SkillsSystem/CrudProjeto/src/DAO/AmbienteDAO.java</file>
            <file>file:/C:/Users/aluno.saolucas/Documents/SkillsSystem/CrudProjeto/src/DTO/Ambiente.java</file>
        </group>
    </open-files>
</project-private>
